Company Name,YC URL
Fiber AI,https://www.ycombinator.com/companies/fiber-ai
Flair Health,https://www.ycombinator.com/companies/flair-health
Nanograb,https://www.ycombinator.com/companies/nanograb
Langdock,https://www.ycombinator.com/companies/langdock
VectorShift,https://www.ycombinator.com/companies/vectorshift
VaultPay,https://www.ycombinator.com/companies/vaultpay
Slingshot,https://www.ycombinator.com/companies/slingshot-2
Amplitude,https://www.ycombinator.com/companies/amplitude
Razorpay,https://www.ycombinator.com/companies/razorpay
Reddit,https://www.ycombinator.com/companies/reddit
Untether Labs,https://www.ycombinator.com/companies/untether-labs
Dill,https://www.ycombinator.com/companies/dill
Pylon,https://www.ycombinator.com/companies/pylon-2
Slash,https://www.ycombinator.com/companies/slash
Metaphor,https://www.ycombinator.com/companies/metaphor
Supabase,https://www.ycombinator.com/companies/supabase
RescueTime,https://www.ycombinator.com/companies/rescuetime
Lingt,https://www.ycombinator.com/companies/lingt
Echodio,https://www.ycombinator.com/companies/echodio
YumDots,https://www.ycombinator.com/companies/yumdots
Airbnb,https://www.ycombinator.com/companies/airbnb
Heroku,https://www.ycombinator.com/companies/heroku
280 North,https://www.ycombinator.com/companies/280-north
Insoshi,https://www.ycombinator.com/companies/insoshi
Kalshi,https://www.ycombinator.com/companies/kalshi
Eclipse Foods,https://www.ycombinator.com/companies/eclipse-foods
Modern Fertility,https://www.ycombinator.com/companies/modern-fertility
Long Term Stock Exchange,https://www.ycombinator.com/companies/long-term-stock-exchange
Materee,https://www.ycombinator.com/companies/materee
Second,https://www.ycombinator.com/companies/second
highlight.io,https://www.ycombinator.com/companies/highlight-io
Unstatiq,https://www.ycombinator.com/companies/unstatiq
"Lively, Inc.",https://www.ycombinator.com/companies/lively-inc
Monzo,https://www.ycombinator.com/companies/monzo-bank
Stripe,https://www.ycombinator.com/companies/stripe
New Story,https://www.ycombinator.com/companies/new-story
WalletKit,https://www.ycombinator.com/companies/walletkit
Internet Friends,https://www.ycombinator.com/companies/internet-friends
SolStar,https://www.ycombinator.com/companies/solstar
Hiro Systems,https://www.ycombinator.com/companies/hiro-systems
Democracy Earth,https://www.ycombinator.com/companies/democracy-earth
Heysan,https://www.ycombinator.com/companies/heysan
Happyrobot,https://www.ycombinator.com/companies/happyrobot
Raz,https://www.ycombinator.com/companies/raz
Khoj,https://www.ycombinator.com/companies/khoj
Zepto,https://www.ycombinator.com/companies/zepto
ClassDojo,https://www.ycombinator.com/companies/classdojo
MagicBell,https://www.ycombinator.com/companies/magicbell
Sown to Grow,https://www.ycombinator.com/companies/sown-to-grow
Tempo,https://www.ycombinator.com/companies/tempo